,LastName,FirstName,Department,Office
1,Bramar,Mat,Administration,3100
2,Carrara,Lise,Administration,3420
3,Celio,Nicolai,Administration,3430
4,Florez,Geneviere,Administration,3340
5,Forluniau,Carla,Administration,2175
6,Frost,Jeanetts,Administration,1000
7,Holly,Jama,Administration,2410
8,Klinger,Evangeline,Administration,3360
9,Lagos,Linda,Administration,3210
10,Lais,Cornelia,Administration,3500
11,Mies Haber,Ruscella,Administration,2110
12,Pantanal,Rachel,Administration,3140
13,Pavone,Emma,Administration,3150
14,Ribera,Anda,Administration,3110
15,Seifert,Tifany,Administration,3515
16,Alinari,Marcella,Engineering,2370
17,Azada,Lars,Engineering,2535
18,Balas,Felix,Engineering,2530
19,Battles,Tamica,Engineering,2470
20,Borrasca,Isande,Engineering,2355
21,Bueno,Penney,Engineering,2140
22,Calzas,Axel,Engineering,2430
23,Carrara,Tore,Engineering,2375
24,Cassano,Mikael,Engineering,2630
25,Cazar,Gustav,Engineering,2620
26,Dedos,Lidelse,Engineering,2100
27,Finney,Yuko,Engineering,2460
28,Frente,Birgitta,Engineering,2525
29,Frente,Vira,Engineering,2380
30,Grogan,Latasha,Engineering,2135
31,Hagan,Tawana,Engineering,2515
32,Hatchett,Virgil,Engineering,2555
33,Mata,Felipe,Engineering,2120
34,Minto,Esperanza,Engineering,2520
35,Nielson,Karole,Engineering,2550
36,Nubarron,Adra,Engineering,2510
37,Omalla,Verla,Engineering,2130
38,Onda,Marin,Engineering,2400
39,Orilla,Kare,Engineering,2360
40,Orilla,Elsa,Engineering,2420
41,Parrino,Silvio,Engineering,2125
42,Pinckney,Antonia,Engineering,2545
43,Quiroz,Twana,Engineering,2575
44,Reynoso,Walton,Engineering,2450
45,Ridenour,Berry,Engineering,2540
46,Simonides,Jacobo,Engineering,2625
47,Tempestad,Brand,Engineering,2505
48,Vico,Apostolis,Engineering,2440
49,Whaley,Clemencia,Engineering,2560
50,Barranco,Ingrid,Executive,3120
51,Blue,Hobert,Executive,3350
52,Campo-Corrente,Ada,Executive,3130
53,Edward,Earlean,Executive,3300
54,Mintz,Emil,Executive,3220
55,Orosco,Lenna,Executive,3320
56,Ovan,Bertrand,Executive,3370
57,Sanjorge Jr.,Sten,Executive,3000
58,Strum,Orhan,Executive,3200
59,Vasco-Pais,Willem,Executive,3160
60,Arpa,Emile,Facilities,1070
61,Awelon,Varro,Facilities,1070
62,Basham,Nerissa,Facilities,2230
63,Bennett,Loretta,Facilities,2345
64,Coginian,Dante,Facilities,2260
65,Davies,Effie,Facilities,2655
66,Gerard,Ariane,Facilities,1070
67,Hafon,Albina,Facilities,2320
68,Hawelon,Benito,Facilities,2210
69,Hawelon,Claudio,Facilities,2240
70,Kinney,Cari,Facilities,2220
71,Kirchner,Fairy,Facilities,2270
72,Mies,Henk,Facilities,2250
73,Morlun,Valeria,Facilities,2300
74,Morlun,Adan,Facilities,2660
75,Morluniau,Cecilia,Facilities,2310
76,Mullen,Boyd,Facilities,2350
77,Nant,Irene,Facilities,1110
78,Paredes,Raye,Facilities,1110
79,Scozzese,Dylan,Facilities,1110
80,Shipp,Caterina,Facilities,2340
81,Song,Thanh,Facilities,1070
82,Staley,Chi,Facilities,1110
83,Young,Patrick,Facilities,3230
84,Adair,Faviola,HR,3450
85,Beebe,Pamala,HR,3310
86,Ratigan,Padraic,HR,3460
87,Alcazar,Lucas,Information Technology,2165
88,Arlotti,Ilario,Information Technology,2570
89,Bagani,Luis,Information Technology,2580
90,Bagni,Sisto,Information Technology,2565
91,Baza,Isak,Information Technology,2145
92,Bello,Erminia,Information Technology,2610
93,Bergen,Linnea,Information Technology,2200
94,Calixto,Nils,Information Technology,2155
95,Coronado,Zena,Information Technology,2635
96,Faraldo,Raphale,Information Technology,2650
97,Flecha,Sven,Information Technology,2160
98,Florez,Sanna,Information Technology,2605
99,Lowery,Sharika,Information Technology,2615
100,Ovan,Isaia,Information Technology,2590
101,Sinagra,Spyro,Information Technology,2595
102,Solos,Celestina,Information Technology,2585
103,Unger,Jae,Information Technology,2640
104,Whelan,Cyrus,Information Technology,2600
105,Bartley,Doretha,Security,2170
106,Canada,Mi,Security,2170
107,Castellanos,Janene,Security,2170
108,Cocinaro,Hideki,Security,2170
109,Fusil,Stenig,Security,1010
110,Herrero,Kanon,Security,2170
111,Holiday,Summer,Security,2170
112,Kemp,Paulita,Security,2170
113,Lagos,Varja,Security,1020
114,Lea,Sherell,Security,2170
115,Nardi,Adalberto,Security,2170
116,Nespola,Jonas,Security,2170
117,Notaro,Mathias,Security,2170
118,Pherigo,Alcide,Security,1100
119,Resumir,Felix,Security,3410
120,Rhoads,Dong,Security,2170
121,Salvay,Selma,Security,2170
122,Shultz,Merna,Security,2170
123,Sowell,Xiomara,Security,2170
124,Vann,Edvard,Security,1090
125,Vollan,Mihalis,Security,2170
,,,,